Amb_temp,Wind_speed,Yaw_direction,Rotor_rpm,Generator_rpm,Blade_angle_ref,Blade_angle_a,Blade_angle_b,Blade_angle_c,Blade_pres,Active_power,Reactive_power,Available_power
5,8.29,286.9,12.8,1530.2,-0.6,-0.5,-0.5,-0.5,175,1818,-34,1846
5,8.33,286.9,12.8,1530.2,-0.6,-0.5,-0.5,-0.5,175,1814,-34,1846
5,7.99,286.9,12.7,1512,-0.6,-0.5,-0.5,-0.5,175,1814,-38,1821
5,7.99,286.9,12.4,1500.5,-0.6,-0.5,-0.5,-0.5,175,1816,-36,1843
5,7.99,286.9,12.4,1493.1,-0.6,-0.5,-0.5,-0.5,175,1836,-34,1843
5,8.14,286.9,12.4,1493.1,-0.6,-0.5,-0.5,-0.5,175,1836,-34,1839
5,8.14,286.9,12.2,1486.9,-0.6,-0.5,-0.5,-0.5,175,1845,-64,1839
5,7.67,286.9,12.2,1475.9,-0.6,-0.5,-0.5,-0.5,175,1854,-89,1857
5,7.67,286.9,12.2,1455,-0.6,-0.5,-0.5,-0.5,174,1810,-94,1830
5,8.13,286.9,12.2,1455,-0.6,-0.5,-0.5,-0.5,174,1810,-94,1830
5,7.37,286.9,12.1,1450.7,-0.6,-0.5,-0.5,-0.5,174,1751,-96,1762
5,7.37,286.9,12.1,1450.7,-0.6,-0.5,-0.5,-0.5,174,1751,-98,1762
5,8.15,286.9,11.8,1432.9,-0.6,-0.5,-0.5,-0.5,174,1702,-98,1716
5,8.15,286.9,11.9,1419,-0.6,-0.5,-0.5,-0.5,174,1702,-96,1691
5,8.15,286.9,11.9,1419,-0.6,-0.5,-0.5,-0.5,174,1660,-98,1691
5,7.94,286.9,11.8,1419,-0.6,-0.5,-0.5,-0.5,174,1636,-87,1636
5,8.14,286.9,11.8,1409.1,-0.6,-0.5,-0.5,-0.5,174,1636,-91,1636
5,8.14,286.9,11.8,1396.1,-0.6,-0.5,-0.5,-0.5,174,1606,-91,1636
5,8.4,286.9,11.7,1396.1,-0.6,-0.5,-0.5,-0.5,174,1561,-80,1567
5,8.55,286.9,11.7,1392.4,-0.6,-0.5,-0.5,-0.5,174,1569,-80,1567
5,8.29,286.9,11.6,1388.6,-0.6,-0.5,-0.5,-0.5,174,1555,-68,1574
5,8.37,286.9,11.6,1388.6,-0.6,-0.5,-0.5,-0.5,173,1555,-68,1534
5,8.37,286.9,11.6,1379.9,-0.6,-0.5,-0.5,-0.5,173,1510,-42,1534
5,8.37,286.9,11.4,1367.7,-0.6,-0.5,-0.5,-0.5,173,1510,-10,1517
5,7.94,286.9,11.5,1367.7,-0.6,-0.5,-0.5,-0.5,173,1459,-10,1517
5,7.94,286.9,11.4,1361.9,-0.6,-0.6,-0.5,-0.5,173,1459,1,1452
5,7.73,286.9,11.4,1361.9,-0.6,-0.6,-0.5,-0.5,173,1451,1,1452
5,7.73,286.9,11.4,1352.4,-0.6,-0.6,-0.5,-0.5,173,1451,2,1422
5,7.79,286.9,11.2,1346.3,-0.6,-0.6,-0.5,-0.5,173,1414,3,1422
5,7.79,286.9,11.5,1346.3,-0.6,-0.5,-0.5,-0.5,173,1387,17,1384
5,7.67,286.9,11.5,1330.8,-0.6,-0.5,-0.5,-0.5,173,1342,17,1370
5,7.67,286.9,11,1330.8,-0.6,-0.5,-0.5,-0.5,173,1342,19,1339
5,7.43,286.9,11,1318.3,-0.6,-0.5,-0.5,-0.5,173,1333,19,1328
5,7.43,286.9,10.9,1303.1,-0.6,-0.5,-0.5,-0.5,173,1236,20,1246
5,7.43,286.9,10.9,1303.1,-0.6,-0.5,-0.5,-0.5,172,1236,28,1246
5,7.94,286.9,10.8,1295.9,-0.6,-0.5,-0.5,-0.5,172,1236,27,1223
5,7.24,286.9,10.7,1295.9,-0.6,-0.5,-0.5,-0.5,172,1166,27,1223
5,6.38,286.9,10.7,1279.1,-0.6,-0.5,-0.5,-0.5,172,1166,27,1171
5,6.38,286.9,10.6,1262.9,-0.6,-0.5,-0.5,-0.5,172,1170,28,1148
5,6.38,286.9,10.6,1262.9,-0.6,-0.5,-0.5,-0.5,172,1130,28,1148
5,5.76,286.9,10.8,1255.9,-0.6,-0.5,-0.5,-0.5,172,1101,35,1097
5,5.53,286.9,10.4,1246.8,-0.6,-0.5,-0.5,-0.5,172,1101,35,1097
5,5.53,286.9,10.4,1246.8,-0.6,-0.5,-0.5,-0.5,172,1067,39,1070
5,5.8,286.9,10.4,1241.4,-0.6,-0.5,-0.5,-0.5,172,1067,39,1070
5,6.12,286.9,10.2,1237.6,-0.6,-0.5,-0.5,-0.5,172,1057,41,1071
5,6.12,286.9,10.4,1231.5,-0.6,-0.5,-0.5,-0.5,171,1035,45,1055
5,5.99,286.9,10.2,1231.5,-0.6,-0.5,-0.5,-0.5,171,1035,47,1039
5,6.16,286.9,10.2,1230.5,-0.6,-0.5,-0.5,-0.5,171,1032,47,1039
5,6.16,286.9,10.2,1226.9,-0.6,-0.5,-0.5,-0.5,171,1032,51,1035
5,6.37,286.9,10.2,1226.9,-0.6,-0.5,-0.5,-0.5,171,1021,51,1035
5,6.37,286.9,10.2,1220.3,-0.6,-0.5,-0.5,-0.5,171,1021,51,1010
5,6.37,286.9,10.2,1220.3,-0.6,-0.5,-0.5,-0.5,171,996,55,1010
5,6.71,286.9,10.3,1212.7,-0.6,-0.5,-0.5,-0.5,171,988,55,1013
5,6.71,286.9,10.3,1209,-0.6,-0.5,-0.5,-0.5,171,988,60,993
5,6.84,286.9,10.1,1209,-0.6,-0.5,-0.5,-0.5,171,955,56,992
5,6.84,286.9,10.1,1199.8,-0.6,-0.5,-0.5,-0.5,171,955,58,952
5,6.87,286.9,10,1199.8,-0.6,-0.5,-0.5,-0.5,171,949,58,952
5,6.87,286.9,10,1190.7,-0.6,-0.5,-0.5,-0.5,171,932,61,935
5,7.12,286.9,9.9,1186.6,-0.6,-0.5,-0.5,-0.5,170,932,61,935
5,7.12,286.9,9.9,1182.9,-0.6,-0.5,-0.5,-0.5,170,932,63,932
5,6.21,286.9,9.9,1182.9,-0.6,-0.5,-0.5,-0.5,170,914,63,915
5,6.21,286.9,9.9,1181.3,-0.6,-0.5,-0.5,-0.5,170,925,68,915
5,6.06,286.9,9.9,1175.2,-0.6,-0.5,-0.5,-0.5,170,925,68,904
5,6.06,286.9,9.9,1175.2,-0.6,-0.5,-0.5,-0.5,170,888,69,904
5,6.56,286.9,10,1173.8,-0.6,-0.5,-0.5,-0.5,170,888,69,894
5,6.56,286.9,9.8,1173.8,-0.6,-0.5,-0.5,-0.5,170,890,72,912
5,7.12,286.9,9.8,1174.1,-0.6,-0.6,-0.5,-0.5,170,892,72,897
5,7.12,286.9,9.8,1174.1,-0.6,-0.6,-0.5,-0.5,170,892,72,897
5,7.22,286.9,9.8,1179,-0.6,-0.6,-0.5,-0.5,179,895,71,898
5,7.22,286.9,10.2,1184.2,-0.6,-0.6,-0.5,-0.5,179,873,51,905
5,6.97,286.9,10.2,1184.2,-0.6,-0.6,-0.5,-0.5,199,873,51,900
5,7.02,286.9,9.9,1184.2,-0.6,-0.6,-0.5,-0.5,204,873,34,900
5,7.02,286.9,9.9,1197,-0.6,-0.6,-0.5,-0.5,206,869,34,881
5,6.69,286.9,10.1,1197,-0.6,-0.6,-0.5,-0.5,206,869,13,881
5,6.75,286.9,10,1213.3,-0.6,-0.6,-0.5,-0.5,209,847,13,847
5,6.75,286.9,10,1213.3,-0.6,-0.5,-0.5,-0.5,210,847,12,847
5,6.25,286.9,10.5,1231.1,-0.6,-0.5,-0.5,-0.5,213,839,12,826
5,6.5,286.9,10.5,1231.1,-0.6,-0.5,-0.5,-0.5,215,809,14,831
5,7.39,286.9,10.5,1256.6,-0.6,-0.5,-0.5,-0.5,220,830,17,826
5,7.39,286.9,10.5,1256.6,-0.6,-0.5,-0.5,-0.5,220,830,17,826
5,7.96,286.9,10.5,1277.6,-0.6,-0.5,-0.5,-0.5,215,878,7,882
5,7.96,286.9,10.6,1277.6,-0.6,-0.5,-0.5,-0.5,213,878,7,882
5,7.04,286.9,10.9,1300.2,-0.6,-0.5,-0.5,-0.5,213,885,4,900
5,7.04,286.9,10.9,1300.2,-0.6,-0.5,-0.5,-0.5,213,885,4,900
5,7.88,286.9,11,1323.3,-0.6,-0.5,-0.5,-0.5,211,880,4,910
5,8.4,286.9,11,1332.7,-0.6,-0.5,-0.5,-0.5,211,880,45,896
5,8.71,286.9,11,1332.7,-0.6,-0.5,-0.5,-0.5,210,883,45,893
5,8.71,286.9,11.4,1358.3,-0.6,-0.5,-0.5,-0.5,210,883,63,903
5,8.46,286.9,11.4,1370,-0.6,-0.5,-0.5,-0.5,209,878,63,903
5,8.46,286.9,11.4,1370,-0.6,-0.5,-0.5,-0.5,209,878,62,893
5,8.46,286.9,11.5,1393.8,-0.6,-0.5,-0.5,-0.5,208,869,74,902
5,8.41,286.9,11.5,1393.8,-0.6,-0.5,-0.5,-0.5,208,869,74,902
5,8.37,286.9,12.1,1416.8,-0.6,-0.5,-0.5,-0.5,208,873,72,911
5,8.37,286.9,12.1,1416.8,-0.6,-0.5,-0.5,-0.5,207,868,72,911
5,7.54,286.9,12,1442.1,-0.6,-0.5,-0.5,-0.5,207,868,69,896
5,7.47,286.9,12,1442.1,-0.6,-0.3,-0.5,-0.5,206,850,69,915
5,7.12,286.9,11.9,1450.7,-0.6,-0.3,-0.2,-0.5,206,850,72,915
5,7.15,286.9,12.4,1457.6,-0.3,-0.2,-0.2,-0.2,205,850,72,888
5,7.15,286.9,12.4,1457.6,-0.3,-0.2,-0.2,-0.2,205,856,72,888
5,7.03,286.9,12.4,1477.8,-0.3,-0.2,-0.2,-0.2,205,856,63,905
5,6.74,286.9,12.4,1477.8,-0.3,-0.2,-0.2,-0.2,205,848,66,917
5,6.74,286.9,12.4,1477.8,-0.3,-0.2,-0.2,-0.2,205,847,60,917
5,7.61,286.9,12.6,1492.5,-0.3,-0.2,-0.2,-0.2,204,847,60,899
5,8.34,286.9,12.6,1513.9,-0.3,-0.2,-0.2,-0.2,203,847,59,906
5,8.34,286.9,12.6,1513.9,-0.3,-0.2,-0.2,-0.2,203,834,59,906
5,7.33,286.9,12.6,1513.9,-0.3,-0.2,-0.2,-0.2,203,834,60,904
5,7.33,286.9,12.7,1525.7,-0.3,-0.2,-0.2,-0.2,202,820,43,904
5,7.33,286.9,12.9,1535,-0.3,-0.2,-0.2,-0.3,202,820,43,910
5,7.25,286.9,12.9,1535,-0.3,-0.2,-0.2,-0.3,202,820,17,910
5,7.25,286.9,12.9,1542.1,-0.3,-0.2,-0.2,-0.3,201,820,17,910
5,7.55,286.9,12.9,1548.9,-0.3,-0.2,-0.2,-0.2,201,817,8,906
5,7.19,286.9,12.9,1548.9,-0.3,-0.2,-0.2,-0.2,201,817,9,921
5,7.19,286.9,13.1,1566,-0.3,-0.2,-0.2,-0.2,200,813,9,909
5,7.49,286.9,13.2,1573.4,-0.3,-0.2,-0.2,-0.2,200,807,52,909
5,7.49,286.9,13.2,1584.5,-0.2,-0.1,-0.1,-0.1,200,807,61,924
5,8.5,286.9,13.2,1584.5,-0.1,-0.1,0,0.1,200,816,61,924
5,8.5,286.9,13.4,1592.3,0,0.1,0,0.1,200,816,64,908
5,8.08,286.9,13.8,1615.1,0.3,0.1,1.1,0.1,199,815,69,913
5,8.08,286.9,13.8,1615.1,0.3,1.1,1.1,1.1,199,815,78,913
5,8.13,286.9,13.4,1615.1,1.3,1.5,2,2,198,798,86,910
5,7.47,286.9,13.4,1622.9,1.3,1.5,2,2,198,798,86,916
5,7.62,286.9,13.6,1622.9,2.7,2.7,2,2.7,198,803,82,916
5,7.62,286.9,13.6,1621.1,2.7,2.7,3,2.7,198,782,82,942
5,6.76,286.9,13.6,1621.1,3.3,3.2,3,3.2,198,782,82,942
5,6.76,286.9,13.6,1619.4,3.6,3.6,3.3,3.6,197,814,82,1018
5,6.81,286.9,13.6,1619.4,3.6,3.6,3.6,3.6,197,814,79,1010
5,6.75,286.9,13.4,1613.1,3.6,3.6,3.6,3.6,197,807,86,1013
5,6.75,286.9,13.8,1613.1,3.7,3.6,3.6,3.6,196,807,86,1013
5,6.54,286.8,13.4,1613.1,3.8,3.8,3.8,3.8,196,803,85,1029
5,6.07,286.9,13.4,1605.8,3.8,3.8,3.8,3.8,196,783,85,1029
5,6.16,286.9,13.5,1604.4,3.7,3.7,3.7,3.7,196,803,85,1040
5,6.3,286.9,13.5,1605.2,3.7,3.7,3.7,3.7,195,803,85,1040
5,6.3,286.9,13.5,1605.2,3.7,3.5,3.7,3.5,195,795,84,1029
5,5.58,286.8,13.3,1598.8,3.7,3.5,3.8,3.5,195,795,84,1029
5,5.63,286.9,13.3,1600.2,3.5,3.5,3.6,3.5,195,810,40,1029
5,5.63,286.9,13.4,1600.2,3.5,3.5,3.6,3.5,195,797,40,1029
5,5.08,286.9,13.7,1596.5,3.1,3.1,3.6,3.1,195,797,22,1039
5,5.89,286.9,13.7,1595,3.1,3.1,3.1,3.1,194,826,22,982
5,5.89,286.9,13.4,1593.9,3.1,3.1,3.1,3.1,194,803,23,982
5,5.98,286.9,13.1,1593.9,2.7,3.1,3.1,2.8,194,812,23,967
5,6.62,286.9,13.1,1593.6,2.8,2.7,2.7,2.7,194,817,23,967
5,6.62,286.9,13.4,1593.6,2.8,2.7,2.7,2.7,193,817,29,948
5,6.51,286.9,13.4,1596.5,2.6,2.6,2.8,2.8,193,814,29,956
5,6.41,286.9,13.3,1596,2.6,2.6,2.6,2.6,193,814,22,936
5,7.04,286.9,13.3,1598.1,2.7,2.6,2.6,2.6,193,816,22,936
5,7.04,286.9,13.8,1602,2.7,2.8,2.8,2.8,193,797,70,938
5,6.45,286.9,13.8,1601,2.7,2.8,2.8,2.8,193,797,77,938
5,6.45,286.8,13.3,1603.9,2.9,2.8,2.8,2.8,192,797,77,938
5,6.45,286.8,13.3,1603.9,2.9,2.8,2.8,2.8,192,795,79,930
5,6.45,286.5,13.5,1603.9,3.1,3.2,3.2,3.2,192,781,91,947
5,6.03,286.5,13.5,1607,3.1,3.2,3.2,3.1,192,783,91,935
5,6.03,284.5,13.4,1604.3,3.3,3.2,3.3,3.2,191,762,98,958
5,6.47,283.8,13.4,1604.3,3.3,3.1,3.3,3.2,191,762,98,958
5,6.47,283.8,13.4,1602.7,3.1,3.1,3.3,3.2,191,762,102,930
5,6.14,282.6,13.5,1602.7,3.1,3.2,3.2,3.2,191,765,102,933
5,6.14,282.6,13.5,1598.9,3.2,3.2,3.2,3.2,191,765,102,933
5,6.22,281.3,13.3,1598.9,2.9,3.1,3.2,2.9,191,790,102,912
5,6.62,281.3,13.3,1595.3,2.9,2.9,2.9,2.9,191,803,96,912
5,6.62,280.9,13.4,1596.8,2.8,2.8,2.7,2.8,190,803,95,939
5,6.62,280.9,13.4,1596.8,2.4,2.4,2.7,2.8,190,803,95,915
5,7.03,280.9,13.7,1591.9,2.4,2.4,2.7,2.4,190,772,94,896
5,6.96,280.9,13.2,1591.9,2.3,2.4,2.3,2.3,190,766,94,896
5,6.96,280.9,13.2,1593.5,2,2.3,2.3,2.3,190,766,94,853
5,6.96,280.9,13.4,1590.6,2,2,2.3,1.8,190,766,96,853
5,6.75,280.9,13.4,1590.6,1.8,1.7,1.8,1.8,189,763,94,863
5,6.75,280.9,13.4,1590.6,1.8,1.7,1.4,1.4,189,755,94,863
5,6.99,280.9,13.3,1589.8,1.5,1.2,1.4,1.4,189,731,107,844
5,6.99,280.9,13.3,1589.8,1.2,1.2,1.2,1.2,189,731,107,844
5,6.73,280.9,13.2,1593.7,1.2,1.2,1.2,1.2,189,744,109,842
5,5.8,280.9,13.2,1593.7,1,1.2,1.1,1.2,189,749,109,842
5,5.8,280.9,13.6,1590.2,1,0.7,1.1,0.7,189,721,106,823
5,6.27,280.9,13.3,1594.4,0.7,0.7,0.7,0.7,188,721,106,823
5,6.05,280.9,13.1,1592.9,0.7,0.7,0.7,0.7,188,739,108,818
5,6.05,280.9,13.4,1592.9,0.7,0.7,0.5,0.5,188,691,106,805
5,6.11,280.9,13.4,1593.5,0.4,0.4,0.5,0.5,188,691,104,805
5,6.54,280.9,13.4,1596.9,0.4,0.4,0.4,0.4,188,702,106,816
5,6.54,280.9,13.3,1596.9,0.5,0.4,0.5,0.5,188,702,106,816
5,7.3,280.9,13.3,1596.7,0.5,0.5,0.5,0.4,188,667,113,813
5,7.29,280.9,13.4,1596.1,0.4,0.4,0.4,0.4,187,667,113,797
5,7.29,280.9,13.2,1596.2,0.4,0.3,0.3,0.4,187,677,113,797
5,6.76,280.9,13.6,1594.3,0.2,0.3,0.3,0.2,187,677,106,787
5,6.76,280.9,13.6,1594.3,0.2,0.3,0,0.2,187,655,106,786
5,6.89,280.9,13.3,1593.1,0,0,0,0,187,655,111,786
5,6.89,280.9,13.3,1593.6,-0.1,-0.1,-0.1,-0.1,187,649,120,784
5,6.89,280.9,13.1,1593.6,-0.3,-0.1,-0.1,-0.1,187,642,120,784
5,6.79,280.9,13.1,1589.8,-0.3,-0.5,-0.4,-0.5,186,642,120,786
5,6.79,280.9,13.4,1589.8,-0.3,-0.5,-0.4,-0.5,186,625,121,775
5,7.08,280.9,13.2,1590.1,-0.6,-0.5,-0.5,-0.5,186,629,120,775
5,6.64,280.9,13.2,1590.1,-0.6,-0.5,-0.5,-0.5,186,622,125,768
5,6.43,280.9,13.2,1585.5,-0.5,-0.5,-0.5,-0.5,186,622,126,768
5,6.43,280.9,13.1,1585.5,-0.6,-0.5,-0.5,-0.5,186,619,126,768
5,6.11,280.9,13.6,1585.6,-0.6,-0.5,-0.5,-0.5,186,619,127,753
5,6.11,280.9,13.2,1585.6,-0.6,-0.5,-0.5,-0.5,186,594,127,754
5,5.85,280.9,13.2,1584.8,-0.5,-0.5,-0.5,-0.5,185,601,131,772
5,5.57,280.9,13.1,1586.8,-0.5,-0.5,-0.5,-0.5,185,601,131,772
5,5.57,280.9,13.1,1586.8,-0.5,-0.5,-0.5,-0.5,185,608,131,772
5,5.62,280.9,13.4,1586.8,-0.5,-0.5,-0.5,-0.5,185,599,132,744
5,5.62,280.9,13.2,1591.8,-0.5,-0.6,-0.5,-0.5,185,593,132,744
5,6.27,280.9,13.2,1591.8,-0.5,-0.5,-0.5,-0.5,185,601,135,746
5,6.27,280.9,13.3,1591.8,-0.5,-0.5,-0.5,-0.5,185,601,135,746
5,6.27,280.9,13.3,1592.9,-0.5,-0.5,-0.5,-0.5,185,585,138,744
5,6,280.9,13.4,1604.6,-0.5,-0.5,-0.5,-0.2,185,585,134,725
5,6.01,280.9,13.4,1604.6,-0.4,-0.2,-0.2,-0.2,184,567,134,725
5,6.01,280.9,13.4,1607.1,0.1,0.5,0,0,184,567,143,725
5,6.16,280.9,13.3,1607.1,1.3,0.5,0.5,1.2,184,560,137,711
5,6.5,280.9,13.7,1621.9,1.3,2.3,0.5,1.2,184,560,134,711
5,6.5,280.9,13.7,1639.1,3.3,2.3,3.2,1.2,184,549,134,711
5,6.12,280.9,13.7,1639.1,3.3,4.7,3.2,4,184,549,127,711
5,6.12,280.9,13.7,1638.5,5.1,4.7,4.7,4,198,513,127,790
5,6.82,280.9,13.6,1638.5,5.1,5.5,5.1,5.1,198,513,136,790
5,7.08,280.9,13.6,1628.3,5.7,5.5,5.1,5.4,202,507,136,960
5,7.08,280.9,13.6,1628.3,5.7,5.7,5.8,5.4,202,539,139,1033
5,6.2,280.9,13.4,1620.8,5.7,5.7,5.8,5.7,203,539,139,1033
5,6.2,280.9,13.4,1620.8,5.8,5.8,5.8,5.8,207,534,115,1088
5,6.2,280.9,13.6,1615.1,5.9,5.8,5.9,5.8,207,574,115,1091
5,6.2,280.9,13.6,1615.1,5.9,5.9,5.9,5.9,210,574,115,1091
5,5.62,280.9,13.4,1608.1,5.9,5.9,5.9,5.9,215,574,78,1134
5,5.47,280.9,13.4,1604.5,5.9,5.9,5.9,5.9,215,574,78,1134
5,5.47,280.9,13.4,1604.5,5.8,5.9,5.9,5.9,215,586,67,1184
5,4.69,280.9,13.5,1604.5,5.8,5.8,5.8,5.8,216,607,67,1184
5,4.39,280.9,13.5,1600.7,5.8,5.8,5.8,5.8,218,645,57,1159
5,4.39,280.9,13.4,1603.3,5.8,5.9,5.9,5.8,214,667,57,1207
5,5.47,280.9,13.4,1606,5.9,5.9,5.9,5.9,214,667,46,1260
5,5.47,280.9,13.8,1606,6.1,5.9,5.9,5.9,213,693,42,1321
5,6.31,280.9,13.4,1609,6.1,6.1,6.1,5.9,213,705,42,1321
5,7.29,280.9,13.4,1607.7,6.2,6.2,6.2,6.2,212,705,38,1396
5,7.29,280.9,13.5,1607.7,6.2,6.2,6.2,6.2,212,731,38,1396
5,6.97,280.9,13.5,1607.7,6.4,6.3,6.2,6.3,212,776,34,1496
5,6.97,280.9,13.5,1607.1,6.4,6.3,6.4,6.4,211,776,34,1496
5,6.97,280.9,13.4,1606.5,6.4,6.4,6.4,6.4,211,805,53,1554
5,7.7,280.9,13.4,1606.5,6.5,6.5,6.4,6.4,211,805,53,1554
5,7.7,280.9,13.4,1606.6,6.5,6.5,6.5,6.5,210,855,85,1603
5,7.03,280.9,13.4,1601.3,6.5,6.4,6.5,6.5,210,855,85,1693
5,7.47,280.9,13.3,1601.3,6.3,6.4,6.5,6.4,209,902,88,1693
5,7.74,280.9,13.3,1599.5,6.3,6.4,6.4,6.3,209,934,88,1713
5,7.74,280.9,13.2,1596.2,6.3,6.2,6.3,6.2,209,970,88,1712
5,6.82,280.9,13.4,1596.2,6.1,6.2,6.3,6.2,208,970,91,1712
5,6.82,280.9,13.4,1597,6.1,6.2,6.1,6.1,208,970,91,1752
5,7.24,280.9,13.3,1595.1,6.1,6.1,6.1,6.1,207,1035,80,1752
5,7.24,280.9,13.3,1595.1,6,6.1,6.1,6,207,1080,76,1763
5,7.38,280.9,13.3,1599.5,6,6,6,6,207,1080,75,1799
5,7.37,280.9,13.7,1599.5,6,6,6,6,206,1080,75,1819
5,8.62,280.9,13.4,1599.9,6,6,6,6,206,1112,75,1870
5,8.62,280.9,13.4,1603.1,6.1,6,6,6.2,206,1112,68,1870
5,8.45,280.9,13.5,1603.1,6.2,6.2,6.1,6.2,206,1145,64,1870
5,8.45,280.9,13.5,1604.4,6.2,6.2,6.3,6.2,205,1174,56,1956
5,8.02,280.9,13.5,1604.8,6.2,6.2,6.3,6.2,204,1174,56,2007
5,8.09,280.9,13.4,1598.1,6.2,6.2,6.3,6.2,204,1211,40,2130
5,8.05,280.9,13.4,1598.1,6.2,6.2,6,6.2,204,1296,40,2130
5,8.05,280.9,13.4,1596,6,6,6,6,204,1296,23,2130
5,7.46,280.9,13.7,1594.4,5.9,5.9,5.9,5.9,203,1331,23,2078
5,7.46,280.9,13.7,1592.9,5.9,5.8,5.8,5.9,203,1331,-11,2095
5,7.36,280.9,13.3,1592.9,5.7,5.7,5.8,5.7,203,1331,-23,2095
5,7.36,280.9,13.3,1594.9,5.7,5.7,5.7,5.7,203,1393,-23,2089
5,8.68,280.9,13.4,1594.9,5.6,5.6,5.6,5.6,202,1428,-28,2089
5,8.83,280.9,13.4,1595.9,5.6,5.6,5.6,5.6,202,1428,-28,2137
5,8.83,280.9,13.3,1595.9,5.6,5.5,5.5,5.6,202,1428,-28,2137
5,8.41,280.9,13.3,1597.1,5.5,5.5,5.5,5.5,202,1465,-39,2164
5,8.41,280.9,13.4,1598,5.5,5.5,5.5,5.5,201,1466,-39,2202
5,8.44,280.9,13.4,1598,5.4,5.5,5.6,5.5,201,1511,-14,2202
5,8.44,280.9,13.3,1600.9,5.5,5.5,5.6,5.5,201,1511,-14,2266
5,8.08,280.9,13.3,1600.9,5.5,5.5,5.5,5.5,201,1511,3,2266
5,8.08,280.9,13.4,1600.5,5.5,5.6,5.5,5.5,200,1546,4,2288
5,9.15,280.9,13.4,1600.5,5.5,5.6,5.5,5.5,200,1566,5,2378
5,9.15,280.9,13.5,1604.1,5.6,5.6,5.5,5.6,200,1603,5,2378
5,9.24,280.9,13.4,1603.6,5.7,5.7,5.7,5.7,200,1620,1,2437
5,9.33,280.9,13.3,1603.1,5.7,5.7,5.7,5.6,199,1653,0,2472
5,9.54,280.9,13.3,1603.1,5.7,5.7,5.7,5.7,199,1671,0,2520
5,9.54,280.9,13.3,1601.4,5.7,5.6,5.6,5.7,199,1671,-1,2520
5,9.15,280.9,13.3,1590.8,5.3,5.6,5.6,5.3,199,1689,-6,2464
5,9.15,280.9,13.3,1590.8,5.3,5.1,5.1,5.1,199,1748,-6,2464
5,9.24,280.9,13.2,1589.9,4.8,4.4,5.1,5.1,198,1751,-6,2447
5,9.4,280.9,13.3,1582.1,4.8,4.4,4.9,4.8,198,1751,-6,2300
5,9.4,280.9,13.6,1582.1,4.4,4.4,4.1,4.1,198,1764,-6,2300
5,8.78,280.9,13.6,1581.5,3.8,3.8,4.1,4.1,198,1784,-8,2213
5,8.06,280.9,13.2,1581.5,3.8,3.5,3.5,3.5,197,1784,-8,2213
5,8.06,280.9,13.2,1580.9,3.4,3.5,3.5,3.5,197,1784,-14,2087
5,7.46,280.9,13.1,1588.6,3.4,3.5,3.5,3.4,197,1797,-14,2087
5,7.46,280.9,13.5,1592.6,3.4,3.5,3.5,3.5,197,1797,-14,2099
5,9.03,280.9,13.5,1592.6,3.6,3.6,3.9,3.5,197,1797,-7,2143
5,9.03,280.9,13.5,1598.8,3.6,3.8,3.9,3.8,197,1804,-7,2143
5,9.36,280.9,13.4,1605.8,3.9,3.8,3.9,3.8,196,1804,-12,2143
5,9.63,280.9,13.3,1613.7,4.5,4.2,4.5,4.5,196,1798,-12,2338
5,9.63,280.9,13.3,1613.7,4.5,4.2,4.5,4.5,196,1798,-12,2338
5,9.59,280.9,13.9,1616.6,5.2,5.1,4.8,5.1,196,1824,-14,2509
5,9.69,280.9,13.9,1616.6,5.2,5.1,5.1,5.1,196,1824,-7,2509
5,10.26,280.9,13.4,1621.8,5.6,5.6,5.5,5.6,195,1873,-7,2861
5,10.26,280.9,13.4,1619.7,5.6,5.6,5.8,5.6,195,1921,-17,2861
5,10.52,280.9,13.5,1619.7,5.8,5.9,5.8,5.9,195,1921,-17,2861
5,10.52,280.9,13.5,1610.3,5.9,5.9,5.9,5.9,195,1976,-16,2990
5,10.11,280.9,13.5,1606,5.9,5.9,5.9,5.9,194,2026,-25,2990
5,10.11,280.9,13.5,1606,5.7,5.4,5.9,5.7,194,2026,-25,2992
5,9.09,280.9,13.6,1592.9,5.4,5.4,5.5,5.2,194,2059,-27,2992
5,9.09,280.9,13.6,1592.9,5.4,5.2,5.5,5.2,194,2059,-27,2959
5,9.67,280.9,13.2,1585.2,5.2,5.2,5,5.2,194,2121,-37,2885
5,9.83,280.9,13.1,1585.2,4.5,4.5,5,4.5,194,2121,-37,2790
5,9.57,280.9,13.3,1580.3,4.5,4.5,4.2,3.9,193,2177,-40,2741
5,9.57,280.9,13.3,1580.3,3.9,3.4,4.2,3.9,193,2177,-42,2741
5,9.57,280.9,13.2,1578.9,3.4,3.4,3.9,3.9,193,2181,-42,2639
5,9.91,280.9,13.2,1578.9,3.4,3,3,2.9,193,2181,-47,2526
5,9.91,280.9,13.2,1580.6,2.9,2.7,2.7,2.9,193,2191,-47,2526
5,9.91,280.9,13.2,1580.6,2.7,2.7,2.7,2.7,193,2196,-52,2475
5,9.15,280.9,13.2,1587.8,2.4,2.7,2.5,2.3,192,2196,-60,2433
5,9.15,280.9,13.2,1587.8,2.4,2.3,2.4,2.3,192,2188,-60,2399
5,9.58,280.9,13.3,1592.3,2.4,2.3,2.5,2.3,192,2184,-57,2378
5,9.58,280.9,13.3,1592.3,2.5,2.5,2.5,2.5,192,2184,-57,2397
5,10.43,280.9,13.5,1602.6,2.5,2.5,2.7,2.5,192,2171,-52,2403
5,10.43,280.9,13.5,1602.6,2.7,3,2.7,3,192,2195,-52,2436
5,10.27,280.9,13.4,1612.5,3.3,3,3.4,3.4,191,2195,-53,2436
5,9.11,280.9,13.4,1612.5,3.5,3.5,3.4,3.4,191,2195,-53,2536
5,9.11,280.9,13.5,1611.8,3.6,3.5,3.6,3.5,191,2201,-53,2585
5,9.29,280.9,13.8,1615.1,3.8,3.5,3.6,3.5,191,2201,-53,2585
5,9.29,280.9,13.8,1615.1,3.8,3.9,3.9,3.9,191,2189,-55,2676
5,9.4,280.9,13.4,1612.8,3.9,3.9,3.9,3.9,191,2231,-55,2676
5,9.4,280.9,13.4,1612.8,4,4.1,3.9,3.9,190,2231,-51,2756
5,9.73,280.9,13.4,1602.7,3.9,4.1,3.9,4.1,190,2234,-51,2756
5,9.73,280.9,13.4,1602.7,3.9,3.9,3.9,3.9,190,2234,-52,2745
5,10.29,280.9,13.3,1595.8,3.9,3.8,3.9,3.9,190,2266,-52,2757
5,10.29,280.9,13.3,1595.8,3.9,3.8,3.8,3.8,190,2232,-53,2757
5,10.2,280.9,13.5,1596,3.6,3.4,3.8,3.4,190,2268,-53,2660
5,9.08,280.9,13.5,1596,3.6,3.4,3.4,3.4,189,2268,-52,2664
5,9.08,280.9,13.2,1593.8,3.3,3.3,3.3,3.3,189,2261,-52,2636
5,9.08,280.9,13.2,1595.2,3.2,3.3,3.3,3.3,189,2261,-55,2636
5,8.98,280.9,13.2,1595.2,3.2,3.2,3.2,3.2,189,2259,-55,2636
5,8.98,280.9,13.2,1594.1,3.2,3,3.2,3.1,189,2259,-49,2569
5,8.93,280.9,13.4,1592.4,3,3,3,3,189,2254,-49,2569
5,8.45,280.9,13.3,1598,3,2.8,2.9,2.9,189,2262,-55,2532
5,8.45,280.9,13.3,1598,2.8,2.8,2.9,2.8,189,2262,-55,2532
5,8.78,280.9,13.4,1599.6,2.9,2.9,2.9,2.8,188,2239,-56,2535
5,9.33,280.9,13.4,1599.6,3,2.9,2.9,2.9,188,2239,-56,2535
5,9.33,280.9,13.3,1600.2,3,2.9,3,2.9,188,2258,-51,2537
5,9.5,280.9,13.3,1600.2,3,2.9,3,2.9,188,2254,-51,2557
5,9.5,280.9,13.3,1606.1,3.1,2.9,3.3,3.1,188,2244,-51,2567
5,9.12,280.9,13.3,1606.1,3.1,3.3,3.3,3.4,188,2244,-56,2567
5,9.19,280.9,13.8,1608.6,3.4,3.3,3.3,3.4,195,2251,-54,2629
5,9.61,280.9,13.8,1611.5,3.4,3.8,3.4,3.4,195,2260,-58,2718
5,9.61,280.9,13.5,1611.5,3.9,3.9,3.9,3.8,198,2224,-58,2736
5,10.31,280.9,13.3,1611.5,3.9,3.9,3.9,4,198,2236,-50,2736
5,10.31,280.9,13.3,1612.7,4,4.3,4.3,4.3,203,2236,-50,2855
5,10.6,280.9,13.4,1612.7,4.3,4.3,4.3,4.3,203,2255,-55,2855
5,10.6,280.9,13.4,1604.3,4.3,4.3,4.3,4.3,207,2255,-55,2873
5,10.22,280.9,13.4,1604.3,4.1,4.2,4.2,4.2,212,2305,-61,2903
5,10.22,280.9,13.4,1593.9,4.1,4.2,4.2,4.2,212,2274,-61,2903
5,8.86,280.9,13.7,1593.9,4,3.8,3.9,3.9,216,2274,-60,2785
5,8.86,280.9,13.3,1594.5,3.6,3.6,3.7,3.6,217,2343,-60,2785
5,7.46,280.9,13.2,1594.5,3.6,3.6,3.7,3.6,217,2343,-61,2789
5,7.46,280.9,13.2,1606.7,3.7,4,3.7,3.6,220,2362,-61,2853
5,9.84,280.9,13.5,1606.7,4.1,4,4.4,4,214,2362,-63,2853
5,9.84,280.9,13.5,1615.4,4.8,4.8,4.4,4.4,213,2399,-74,3136
5,10.7,280.9,13.5,1620.6,4.8,4.8,4.7,5,212,2399,-74,3136
5,10.7,280.9,13.6,1620.6,5.5,5.4,4.7,5,212,2464,-71,3226
5,10.56,280.9,13.6,1617.3,5.5,5.4,5.4,5.4,212,2464,-73,3381
5,10.56,280.9,13.8,1617.3,5.5,5.6,5.6,5.4,211,2465,-75,3381
5,10.75,280.9,13.4,1617.3,5.4,5.6,5.6,5.5,211,2497,-75,3510
5,10.75,280.9,13.4,1605.5,5.4,5.4,5.5,5.4,210,2550,-80,3570
5,10.48,280.9,13.4,1600.9,5.4,5,5.4,5.3,210,2550,-80,3570
5,10.38,280.9,13.4,1592.3,5.3,5,5.4,5.3,210,2535,-80,3452
5,10.38,280.9,13.4,1592.3,5,5,4.9,5,210,2589,-82,3452
5,11.07,280.9,13.3,1592.3,4.8,4.7,4.9,4.7,209,2589,-82,3450
5,10.11,280.9,13.3,1587.3,4.6,4.7,4.7,4.7,209,2606,-89,3465
5,10.11,280.9,13.3,1586.3,4,4.3,4.3,4,209,2606,-89,3266
5,10.73,280.9,13.3,1586.3,4,4.3,4.1,4,208,2632,-86,3266
5,10.73,280.9,13.5,1590.2,3.9,3.9,3.9,3.7,208,2635,-92,3248
5,10.73,280.9,13.3,1590.2,3.7,3.8,3.7,3.7,208,2635,-92,3217
5,11.35,280.9,13.3,1590.2,3.6,3.8,3.7,3.7,207,2648,-88,3217
5,11.35,280.9,13.2,1591.6,3.6,3.5,3.7,3.7,207,2648,-88,3217
5,11.6,280.9,13.4,1591.9,3.5,3.5,3.5,3.4,206,2693,-91,3178
5,11.6,280.9,13.4,1599,3.5,3.5,3.5,3.4,206,2693,-88,3178
5,10.88,280.9,13.3,1599,3.5,3.5,3.5,3.6,206,2689,-96,3198
5,10.88,280.9,13.4,1604.1,3.6,3.6,3.5,3.6,206,2699,-96,3189
5,10.7,280.9,13.7,1604.1,3.6,3.6,3.7,3.6,205,2699,-95,3301
5,10.7,280.9,13.7,1604.9,3.9,4,3.9,3.9,205,2688,-95,3301
5,10.42,280.9,13.4,1608.5,3.9,4,3.9,3.9,204,2688,-92,3301
5,10.42,280.9,13.4,1608.5,3.9,4.1,4.1,4.1,204,2718,-92,3383
5,10.85,280.9,13.5,1605.4,4.2,4.1,4.1,4.1,204,2718,-99,3383
5,11.01,280.9,13.4,1605.4,4.1,4.1,4.1,4.1,203,2749,-99,3391
5,11.01,280.9,13.5,1606.1,4.1,4.2,4.2,4.3,203,2749,-82,3469
5,11.07,280.9,13.5,1603.5,4.3,4.3,4.2,4.3,203,2747,-82,3469
5,11.07,280.9,13.5,1603.5,4.3,4.2,4.3,4.2,203,2770,-82,3469
5,10.46,280.9,13.5,1604.4,4.2,4.3,4.3,4.2,203,2770,-97,3472
5,10.46,280.9,13.7,1598.5,4.2,4.3,4.3,4.2,202,2779,-94,3493
5,10.9,280.9,13.3,1598.5,4,4,4.3,4.2,202,2752,-95,3436
5,10.87,280.9,13.2,1595.5,4,4,4,4.2,202,2820,-93,3436
5,10.87,280.9,13.2,1595.5,4,4,4,3.9,202,2820,-93,3453
5,11.37,280.9,13.3,1593.7,3.5,3.8,3.6,3.5,202,2836,-104,3453
5,11.12,280.9,13.3,1593.7,3.5,3.5,3.6,3.5,201,2836,-104,3448
5,11.26,280.9,13.3,1593.7,3.4,3.5,3.6,3.5,201,2836,-104,3448
5,11.26,280.9,13.3,1592.2,3.4,3.5,3.4,3.3,200,2869,-104,3323
5,10.91,280.9,13.4,1592.2,3,3.1,3.1,3,200,2870,-110,3323
5,11.21,280.9,13.3,1593.8,3,3.1,3.1,3,200,2870,-108,3319
5,11.21,280.9,13.3,1593.8,3,3,3,3,200,2852,-108,3319
5,11.88,280.9,13.3,1593.8,2.9,2.9,2.9,2.9,200,2866,-113,3266
5,11.88,280.9,13.4,1596.8,2.8,2.9,2.9,2.9,200,2866,-113,3266
5,11.07,280.9,13.4,1596.7,2.8,2.9,2.9,2.9,200,2823,-113,3257
5,11.07,280.9,13.4,1596.7,2.9,3,2.9,2.9,199,2800,-111,3257
5,11.02,280.4,13.4,1603.9,2.9,3.2,3.1,3.2,199,2800,-105,3300
5,11.02,280.4,13.4,1603.9,3.2,3.2,3.1,3.2,199,2834,-105,3300
5,11.48,279.8,13.5,1603,3.2,3.1,3.2,3.1,198,2792,-105,3300
5,11.55,279.4,13.5,1604.4,3.2,3.1,3.4,3.1,198,2792,-103,3253
5,11.55,279.4,13.4,1604.4,3.1,3.1,3.4,3.4,198,2832,-101,3253
5,11.29,279.4,13.4,1606.2,3.5,3.4,3.4,3.4,198,2832,-101,3348
5,11.49,279.4,13.3,1606.8,3.5,3.6,3.5,3.5,198,2824,-104,3360
5,11.49,279.4,13.3,1604.6,3.5,3.6,3.5,3.5,197,2822,-104,3378
5,11.48,279.4,13.8,1604.6,3.6,3.5,3.6,3.5,197,2828,-103,3378
5,11.48,279.4,13.8,1603.1,3.5,3.5,3.5,3.5,197,2828,-93,3378
5,11.48,279.4,13.4,1602.5,3.5,3.5,3.5,3.5,197,2820,-93,3346
5,11,279.4,13.3,1602.5,3.5,3.5,3.5,3.5,197,2825,-93,3374
5,11,279.4,13.3,1592.9,3.5,3.1,3.2,3.1,196,2808,-92,3374
5,11.22,279.4,13.4,1589.6,2.8,3.1,3.2,2.5,196,2808,-95,3211
5,11.17,279.4,13.2,1589.6,2.8,2.5,2.8,2.5,196,2803,-95,3211
5,11.17,279.4,13.2,1588.1,2.2,2.5,2.2,2.5,196,2803,-95,3097
5,10.89,279.4,13.2,1584.6,2.2,1.9,2.2,1.9,196,2783,-95,3097
5,10.84,279.4,13.5,1585.4,1.6,1.7,1.7,1.9,195,2783,-97,3015
5,10.84,279.4,13.5,1585.4,1.6,1.7,1.7,1.5,195,2717,-96,2963
5,10.1,279.4,13.3,1593.1,1.6,1.5,1.5,1.5,195,2734,-96,2884
5,10.1,279.4,13.3,1593.1,1.5,1.8,1.5,1.7,195,2734,-88,2893
5,11.42,279.4,13.2,1600.7,1.7,1.8,1.8,1.7,195,2685,-88,2893
5,11.42,279.4,13.4,1600.7,1.7,1.8,1.8,1.8,194,2697,-86,2893
5,10.54,279.4,13.4,1603.4,2.2,2.1,2.2,2.1,194,2697,-86,2861
5,10.66,279.4,13.4,1607.9,2.2,2.1,2.2,2.1,194,2686,-114,2911
5,10.21,279.4,13.4,1607.8,2.2,2.3,2.3,2.3,194,2652,-114,2935
5,10.21,279.4,13.4,1607.8,2.3,2.3,2.4,2.3,194,2652,-141,2935
5,10.48,279.4,13.8,1609.6,2.5,2.3,2.4,2.7,194,2652,-141,2940
5,10.31,279.4,13.8,1607.3,2.7,2.7,2.7,2.7,193,2652,-148,2931
5,10.31,279.4,13.4,1607.1,2.7,2.7,2.7,2.7,193,2600,-148,2931
5,9.86,279.4,13.3,1607.1,2.6,2.7,2.7,2.7,193,2600,-151,2904
5,10.4,279.4,13.5,1602.1,2.7,2.7,2.7,2.7,193,2590,-151,2935
5,10.4,279.4,13.5,1602.1,2.7,2.6,2.7,2.7,193,2590,-149,2935
5,10.39,279.4,13.3,1601.8,2.6,2.6,2.7,2.7,193,2561,-149,2857
5,10.19,279.4,13.3,1601.8,2.7,2.6,2.7,2.7,192,2561,-146,2827
5,10.19,279.4,13.4,1601.2,2.6,2.6,2.7,2.7,192,2533,-123,2827
5,10.56,279.4,13.4,1601.2,2.6,2.6,2.6,2.6,192,2529,-123,2837
5,10.45,279.4,13.3,1600.2,2.6,2.6,2.6,2.6,192,2529,-96,2837
5,10.45,279.4,13.3,1600.2,2.6,2.6,2.6,2.6,192,2500,-96,2787
5,10.3,279.4,13.3,1603.4,2.6,2.6,2.6,2.6,192,2483,-87,2787
5,10.3,279.4,13.3,1603.4,2.8,2.8,2.8,2.8,191,2483,-85,2781
5,10.06,279.4,13.4,1607.5,2.8,2.8,2.8,2.8,191,2455,-85,2781
5,10.06,279.4,13.4,1607.7,3.2,3.2,3.2,3.2,191,2455,-85,2838
5,9.67,279.4,13.4,1607.7,3.2,3.2,3.2,3.2,191,2434,-85,2838
5,9.71,279.4,13.5,1607.7,3.3,3.3,3.3,3.3,191,2434,-85,2845
5,9.71,279.4,13.5,1607.7,3.3,3.3,3.3,3.4,191,2402,-75,2845
5,9.91,279.4,13.5,1605.2,3.3,3.4,3.4,3.4,191,2402,-75,2843
5,9.8,279.4,13.4,1602.1,3.3,3.4,3.4,3.4,190,2393,-79,2814
5,10.36,279.4,13.4,1602.1,3.3,3.4,3.2,3.2,190,2393,-76,2783
5,10.36,279.4,13.3,1598.3,3,3,3.2,3.2,190,2369,-87,2734
5,10.57,279.4,13.3,1598.1,3,3,2.9,3,190,2369,-112,2734
5,10.57,279.4,13.3,1598.1,2.9,2.9,2.9,2.9,190,2360,-112,2677
5,10.27,279.4,13.3,1595.3,2.9,2.9,2.9,2.9,190,2360,-127,2636
5,9.79,279.4,13.3,1595.6,2.7,2.7,2.9,2.7,189,2318,-130,2636
5,8.93,279.4,13.4,1595.6,2.6,2.7,2.7,2.7,189,2312,-130,2561
5,9.48,279.4,13.4,1595.6,2.6,2.4,2.6,2.4,189,2277,-137,2561
5,9.96,279.4,13.4,1594.2,2.3,2.4,2.3,2.4,189,2277,-139,2474
5,9.96,279.4,13.4,1597.5,2.3,2.3,2.3,2.3,189,2265,-139,2474
5,9.68,279.4,13.2,1597.5,2.3,2.3,2.3,2.3,189,2209,-137,2456
5,9.73,279.4,13.4,1597.6,2.4,2.4,2.4,2.4,189,2209,-137,2403
5,9.73,279.4,13.4,1600.1,2.4,2.4,2.4,2.4,188,2188,-138,2403
5,9.73,279.4,13.3,1599.3,2.4,2.4,2.4,2.4,188,2188,-80,2401
5,9.8,279.4,13.3,1599.3,2.4,2.3,2.2,2.3,188,2188,-80,2344
5,9.53,279.4,13.4,1596.7,2.1,2.2,2.2,2.2,188,2143,-80,2344
5,9.78,279.4,13.4,1594.5,2.1,2.2,2.2,2.2,188,2143,-75,2278
5,9.78,279.4,13.4,1594.5,2,1.9,2,1.9,188,2125,-68,2278
5,8.85,279.4,13.3,1594.5,1.7,1.9,1.7,1.9,188,2125,-64,2208
5,9.23,279.4,13.3,1592.6,1.7,1.7,1.5,1.7,188,2086,-64,2170
5,9.23,279.4,13.2,1590.6,1.3,1.3,1.5,1.4,187,2086,-57,2147
5,9.37,279.4,13.3,1592.2,1.3,1.3,1.4,1.1,187,2030,-49,2147
5,9.03,279.4,13.3,1592.2,1.1,0.9,1.2,1.1,187,2030,-49,2103
5,9.3,279.4,13.3,1594.2,0.9,0.9,1,0.9,187,2027,-49,2067
5,9.19,279.4,13.4,1594.2,0.9,0.9,0.9,0.9,187,2027,-50,2067
5,9.19,279.4,13.4,1596,0.9,0.9,0.9,0.9,187,1935,-46,2034
5,8.88,279.4,13.4,1595.8,0.8,0.8,0.9,0.8,187,1935,-46,2034
5,8.88,279.4,13.3,1595.8,0.9,0.8,0.8,0.8,187,1915,-34,1978
5,8.87,279.4,13.4,1604.3,0.9,0.8,1.1,1,187,1915,-34,1962
5,8.87,279.4,13.4,1605.6,1.1,1.2,1.1,1,186,1915,-39,1962
5,9.53,279.4,13.8,1609.2,1.4,1.3,1.2,1.2,186,1875,-39,1918
5,9.53,279.4,13.5,1614.1,1.4,1.9,2,1.3,199,1882,-33,1918
5,9.18,279.4,13.5,1614.1,2.3,1.9,2.2,2.2,199,1882,-33,1937
5,10.03,279.4,13.5,1615.6,2.3,2.5,2.2,2.2,203,1810,-30,1937
5,10.03,279.4,13.3,1620.5,3,2.5,2.2,2.5,203,1811,-29,1932
5,9.16,279.4,13.5,1620.5,3,3.1,3.2,3.6,205,1811,-30,2050
5,9.16,279.4,13.5,1619.7,3,3.6,3.2,3.6,205,1773,-25,2050
5,8.72,279.4,13.5,1619.7,4,4,4,3.6,210,1820,-25,2216
5,8.72,279.4,13.5,1619.7,4,4.2,4,4,210,1820,-30,2216
5,9.28,279.4,13.5,1618.1,4.2,4.2,4.3,4.2,212,1740,-59,2239
5,9.28,279.4,13.5,1618.1,4.2,4.2,4.3,4.2,217,1740,-59,2255
5,8.8,279.4,13.5,1619.3,4.6,4.2,4.3,4.5,217,1740,-67,2255
5,8.8,279.4,13.5,1619.3,4.6,5,5,5,221,1766,-86,2405
5,9.31,279.4,13.6,1613.5,5,5,5,5,221,1766,-86,2405
5,8.76,279.4,13.6,1613.5,5.1,5,5,5,214,1816,-94,2441
5,8.76,279.4,13.4,1606.8,5.1,5.2,5,5.2,214,1816,-94,2547
5,8.51,279.4,13.4,1606.8,5.1,5.2,5.1,5.2,214,1823,-104,2547
5,8.51,279.4,13.4,1599.7,5,4.8,5.1,5,214,1823,-119,2540
5,8.12,279.4,13.2,1599.7,5,4.8,5.1,5,212,1792,-119,2540
5,8.12,279.4,13.2,1592.9,4.7,4.6,4.6,4.6,212,1792,-119,2396
5,8.36,279.4,13.3,1593.9,4.7,4.6,4.6,4.6,212,1879,-117,2396
5,8.36,279.4,13.6,1593.9,4.4,4.4,4.4,4.4,212,1817,-111,2405
5,8.81,279.4,13.6,1587.9,4.4,3.9,3.9,4.4,211,1817,-103,2405
5,8.81,279.4,13.3,1592.2,3.9,3.9,3.9,3.9,211,1832,-103,2242
5,9.31,279.4,13.3,1592.2,3.9,3.9,3.9,3.9,210,1832,-79,2224
5,9.31,279.4,13.3,1600.2,3.9,3.9,3.9,3.9,210,1818,-53,2224
5,9.57,279.4,13.7,1602.7,3.9,4.1,4.3,3.9,209,1818,-53,2261
5,9.57,279.4,13.4,1602.7,4.3,4.1,4.3,4.1,209,1818,-45,2261
5,9.57,279.4,13.4,1604.4,4.3,4.6,4.3,4.6,209,1811,-45,2376
5,9.07,279.4,13.8,1604.4,4.5,4.6,4.5,4.4,208,1825,-39,2376
5,9.07,279.4,13.3,1600.3,4.5,4.4,4.5,4.4,207,1825,-39,2376
5,8.76,279.4,13.3,1600.3,4.3,4.5,4.5,4.3,207,1821,-42,2357
5,8.71,279.4,13.4,1598.5,4.3,4.5,4.5,4.3,207,1817,-42,2294
5,9.14,279.4,13.4,1595.2,4.1,4.2,4.2,4.2,206,1817,-40,2294
5,9.14,279.4,13.4,1595.2,4.1,4.2,4.2,4.2,206,1816,-40,2221
5,9.02,279.4,13.3,1594.5,3.8,4,4.2,4,206,1807,-60,2221
5,9.02,279.4,13.4,1594.5,3.8,4,3.8,3.7,205,1807,-60,2192
5,9.24,279.4,13.2,1591.9,3.8,3.8,3.8,3.7,205,1790,-75,2192
5,9.56,279.4,13.2,1591.9,3.4,3.5,3.3,3.3,205,1790,-87,2095
5,8.79,279.4,13.3,1592.1,3.3,3.3,3.3,3.3,204,1766,-87,2045
5,8.79,279.4,13.3,1592.1,3.3,3.3,3.3,3.3,204,1760,-95,2045
5,8.79,279.4,13.2,1592.1,3.1,3.3,3,3.2,204,1703,-95,1927
5,8.6,279.4,13.4,1593.2,3.1,3,3,2.9,204,1703,-95,1927
5,7.81,279.4,13.4,1594.3,2.9,2.9,3,2.9,204,1643,-91,1890
5,7.81,279.4,13.4,1594.3,2.9,2.9,3,2.9,203,1643,-91,1832
5,7.81,279.4,13.4,1599.8,2.9,2.9,2.9,2.9,203,1647,-94,1832
5,7.62,279.4,13.7,1599.8,2.9,3,2.9,2.9,202,1647,-57,1832
5,7.71,279.4,13.7,1599.4,3,3,3,3,202,1588,-57,1780
5,7.44,279.4,13.3,1606.4,3,3.3,3,3,202,1574,-36,1780
5,7.44,279.4,13.3,1606.4,3.4,3.3,3,3.4,202,1574,-36,1780
5,7.09,279.4,13.2,1609,3.4,3.4,3.4,3.4,201,1531,-22,1803
5,7.09,279.4,13.5,1609,3.5,3.5,3.4,3.5,201,1530,-22,1835
5,6.97,279.4,13.5,1609,3.5,3.9,3.8,3.9,201,1530,-13,1835
5,6.97,279.4,13.4,1608.8,3.9,3.9,4,3.9,201,1462,-15,1797
5,6.63,279.4,13.4,1608.8,4,4,4,3.9,200,1462,-15,1797
5,6.63,279.4,13.4,1611,4.1,4,4.1,4.1,200,1481,-15,1862
5,6.62,279.4,13.4,1612.1,4.1,4,4.3,4.1,200,1461,-7,1862
5,6.36,279.4,13.8,1612.1,4.3,4.3,4.4,4.4,200,1461,-7,1862
5,7.17,279.4,13.5,1616.3,4.6,4.7,4.4,4.4,200,1420,-8,1845
5,7.17,279.4,13.5,1616.3,4.6,4.7,4.7,4.7,200,1448,-7,1986
5,7.17,279.4,13.3,1615.2,5,5,5,5,199,1446,-7,1986
5,7.54,279.4,13.3,1615.2,5.4,5.4,5.4,5,199,1446,-2,1986
5,7.54,279.4,13.6,1619.9,5.4,5.4,5.4,5.4,199,1433,-2,2063
5,8.15,279.4,13.6,1618.5,5.9,5.9,5.9,5.9,199,1408,-3,2250
5,8.05,279.4,13.6,1618.5,5.9,5.9,5.9,5.9,198,1408,-3,2250
5,8.25,279.4,13.5,1617.3,6.1,6,5.9,6,198,1439,-7,2291
5,8.99,279.4,13.4,1611.6,6.1,6,6,6,198,1459,-12,2340
5,8.85,279.4,13.4,1611.6,6,5.9,6.1,6,198,1459,-12,2302
5,8.85,279.4,13.4,1603.4,6,5.9,6.1,6.1,198,1444,-12,2302
5,8.85,279.4,13.4,1603.4,5.8,5.6,5.8,5.8,198,1481,-19,2302
5,8.57,279.4,13.4,1597.6,5.8,5.6,5.6,5.6,197,1476,-21,2256
5,7.69,279.4,13.4,1591.4,5.3,5.6,5.6,5.3,197,1476,-21,2142
5,7.41,279.4,13.3,1589.1,5.3,5.6,5.3,5.3,197,1476,-21,2142
5,7.41,279.4,13.2,1586.9,5.1,5.1,5.1,5.1,197,1476,-27,2126
5,7.64,279.4,13.2,1586.9,5.1,4.7,4.8,5.1,196,1508,-27,2126
5,8.39,279.4,13.3,1582.4,4.4,4.7,4.8,4.7,196,1484,-23,1924
5,8.05,279.4,13.3,1582.9,4.4,4.3,4.3,4.3,196,1469,-23,1924
5,8.05,279.4,13.5,1583.7,4.1,4.3,4.3,4.3,196,1469,-25,1881
5,8.05,279.4,13.3,1588.9,3.8,3.9,3.9,3.9,196,1454,-25,1836
5,8.78,279.4,13.3,1588.9,3.8,3.9,3.9,3.7,196,1448,-25,1770
5,8.93,279.4,13.2,1588.6,3.7,3.9,3.7,3.7,195,1448,-26,1772
5,8.12,279.4,13.3,1593.1,3.7,3.7,3.5,3.5,195,1396,-27,1733
5,7.21,279.4,13.3,1593.1,3.5,3.5,3.5,3.5,195,1396,-31,1650
5,7.21,279.4,13.3,1594.3,3.5,3.5,3.6,3.6,195,1359,-27,1662
5,7.21,279.4,13.3,1594.3,3.6,3.4,3.6,3.6,195,1359,-20,1638
5,8.01,279.4,13.4,1594.3,3.5,3.4,3.5,3.5,194,1359,-20,1581
5,8.35,279.4,13.3,1601,3.5,3.5,3.5,3.5,194,1346,-20,1581
5,8.35,279.4,13.3,1601,3.7,3.7,3.5,3.6,194,1302,-20,1597
5,7.29,279.4,13.3,1601,3.6,3.6,3.7,3.6,194,1302,-19,1530
5,7.29,279.4,13.1,1601,3.6,3.6,3.7,3.5,194,1281,-13,1530
5,7.5,279.4,13.1,1597,3.5,3.5,3.5,3.5,194,1281,-13,1530
5,7.5,279.4,13.3,1597,3.5,3.3,3.5,3.3,194,1271,-8,1514
5,7.21,279.4,13.3,1595,3.2,3.3,3.2,3.3,193,1223,-5,1403
5,6.93,279.4,13.3,1595,3.2,3,3.2,3,193,1223,-5,1403
5,7.17,279.4,13.3,1593.3,3,3,3.2,3,193,1200,4,1389
5,7.17,279.4,13.3,1593.3,3,2.8,2.8,2.8,193,1200,4,1357
5,6.71,279.4,13.4,1593.5,2.7,2.7,2.8,2.8,193,1178,2,1357
5,6.71,279.4,13.3,1593.5,2.7,2.7,2.7,2.7,193,1137,7,1297
5,6.96,279.4,13.3,1594.5,2.6,2.7,2.7,2.6,193,1137,7,1247
5,5.83,279.4,13.2,1596.8,2.6,2.6,2.6,2.6,192,1081,20,1247
5,5.83,279.4,13.2,1598,2.6,2.6,2.6,2.6,192,1081,20,1217
5,5.85,279.4,13.4,1598,2.6,2.6,2.6,2.6,192,1063,26,1191
5,5.85,279.4,13.3,1601.7,2.6,2.6,2.6,2.6,192,1063,26,1191
5,5.37,279.4,13.3,1601.7,2.7,2.9,2.7,2.7,192,1041,26,1186
5,5.74,279.4,13.2,1606.8,2.9,2.9,2.9,2.9,192,999,26,1165
5,6.38,279.4,13.5,1604.3,2.9,2.9,2.9,2.9,191,999,33,1149
5,6.38,279.4,13.5,1604.3,3.1,3.2,3.2,3.2,191,968,31,1149
5,6.3,279,13.5,1611.4,3.8,3.7,3.5,3.5,191,961,40,1176
5,6.3,278.4,13.5,1616.8,3.8,3.7,4.1,4,191,938,40,1194
5,6.45,277.1,13.8,1616.8,4.3,4.4,4.1,4,191,938,33,1194
5,6.82,277.1,13.8,1619.1,4.3,4.4,4.5,4.4,191,928,33,1286
5,6.42,275.7,13.5,1619.1,5,4.9,4.5,4.5,190,898,37,1286
5,6.42,275.1,13.5,1621.3,5,4.9,4.9,5.1,190,898,37,1373
5,6.75,275.1,13.6,1615.1,5.1,5.1,5.1,5.1,190,892,34,1373
5,6.75,274.5,13.6,1615.1,5.1,5.3,5.1,5.3,190,892,34,1394
5,6.79,273.7,13.4,1612.2,5.3,5.3,5.3,5.3,190,875,33,1394
5,6.79,272.5,13.4,1612.2,5.1,5.3,5.3,5.2,190,875,33,1387
5,6.4,272.5,13.4,1597.4,5.1,5.1,5.1,5.1,189,883,31,1365
5,6.22,272.5,13.4,1597.4,5.1,5.1,5.1,5.1,189,875,31,1313
5,6.22,271.1,13.2,1594.2,4.7,4.8,4.6,4.8,189,875,37,1313
5,6.04,270.5,13.2,1589.1,4.6,4.4,4.6,4.4,189,868,37,1212
5,6.04,270.5,13.2,1588.5,4.2,4.4,4.4,4.4,189,868,38,1212
5,6.04,270.5,13.2,1588.5,4.2,4.1,4.4,4.1,189,844,44,1064
5,6.17,270.5,13.3,1595.8,4.1,4.1,4.1,4.1,189,844,44,1064
5,6.17,270.5,13.3,1595.8,4.1,4.1,4.1,4.1,202,773,48,1059
5,6.13,270.5,13.4,1602.5,4.1,4.4,4.4,4.3,202,773,49,1059
5,6.48,270.5,13.8,1606.2,4.4,4.4,4.4,4.5,206,744,49,1059
